345030484645328325,1,0.10056114196777344,0.008438825607299805,0.00580596923828125
8454328458007075707,19,1.2122280597686768,0.042902231216430664,0.08796286582946777
2037028929289242283,1,0.07633471488952637,0.006206989288330078,0.004173994064331055
274395785419357850,3,0.2040698528289795,0.010489940643310547,0.014338016510009766
2730198608392132873,1,0.07725405693054199,0.006194353103637695,0.004084110260009766
5348969862173738508,2,0.14286017417907715,0.008490800857543945,0.009419918060302734
4643760839500724866,10,0.6430032253265381,0.024369001388549805,0.04654645919799805
4148706004565090759,2,0.1394059658050537,0.008370161056518555,0.008728981018066406
2501166960384415879,2,0.1408519744873047,0.008285045623779297,0.008935928344726562
8216644915633791697,1,0.07575583457946777,0.006011247634887695,0.0040471553802490234
8120685631270474174,1,0.07611703872680664,0.0063517093658447266,0.0038862228393554688
4443198236356742519,2,0.14003992080688477,0.008172750473022461,0.008989810943603516
7294417637520087768,1,0.07619905471801758,0.005984067916870117,0.0040090084075927734
1370166378632945778,1,0.07828521728515625,0.0063250064849853516,0.004272937774658203
7878174337826403094,2,0.13979291915893555,0.008162975311279297,0.008760929107666016
5512061638536386668,10,0.643531084060669,0.024631500244140625,0.046004533767700195
4745789317381837104,1,0.07585668563842773,0.006078958511352539,0.004045248031616211
5168222338116226588,11,0.7003812789916992,0.026074647903442383,0.050908803939819336
7565071618537040115,30,1.8938701152801514,0.06491661071777344,0.14208531379699707
6777819221766392168,4,0.26523804664611816,0.012282371520996094,0.0184481143951416
9208971335015706826,1,0.0767202377319336,0.0060617923736572266,0.003972053527832031
222829977764628373,1,0.07680916786193848,0.006272077560424805,0.0039670467376708984
1631715912628674966,11,0.7116067409515381,0.026520967483520508,0.05104637145996094
7054276387721730180,1,0.07623791694641113,0.006081104278564453,0.004453897476196289
4916706527441356553,2,0.14352011680603027,0.008188724517822266,0.008982181549072266
8376393926472534666,1,0.07686090469360352,0.006062984466552734,0.004077911376953125
7718148804244842093,2,0.1391890048980713,0.008198976516723633,0.0087890625
3346000856360511953,5,0.32526302337646484,0.014153480529785156,0.021960020065307617
3318775266886762786,1,0.07781004905700684,0.0060482025146484375,0.004029989242553711
5948602489958530158,2,0.13849592208862305,0.008127927780151367,0.008733987808227539
746694226736895677,2,0.13791513442993164,0.008074045181274414,0.008460760116577148
5362048264419728434,2,0.14301228523254395,0.008240938186645508,0.008944988250732422
1619978153013004873,11,0.7015120983123779,0.026329994201660156,0.05041170120239258
6369413265745967800,3,0.20170807838439941,0.01035618782043457,0.012653589248657227
2304375706099223474,11,0.7044076919555664,0.02652287483215332,0.04869365692138672
5547490358819360951,11,0.7082581520080566,0.026793241500854492,0.051621198654174805
8286510314465960705,9,0.579334020614624,0.022296428680419922,0.04146409034729004
6789613749116268623,1,0.07516694068908691,0.006055116653442383,0.003841876983642578
3365494818066635562,3,0.20118403434753418,0.010132789611816406,0.013427019119262695
1364724028854285473,9,0.5764458179473877,0.022313356399536133,0.0402982234954834
7728894998602410502,1,0.07736682891845703,0.0059468746185302734,0.004090070724487305
7819924457721132279,2,0.13892602920532227,0.008063077926635742,0.008685111999511719
8818229491147997696,3,0.2035987377166748,0.01014089584350586,0.013637542724609375
9129141980961780537,2,0.13959193229675293,0.008542299270629883,0.008847951889038086
1636223153794399479,4,0.2661912441253662,0.01240396499633789,0.01862049102783203
5971562736098338316,4,0.2642817497253418,0.01201176643371582,0.017933130264282227
4615033493256632032,2,0.13823986053466797,0.008189916610717773,0.008641481399536133
7506811996342511693,5,0.3268930912017822,0.014173269271850586,0.022437334060668945
5748995160320425981,2,0.1383800506591797,0.008115291595458984,0.008460760116577148
4541302913051806885,4,0.26360511779785156,0.01214289665222168,0.017521142959594727
2097430661720772308,8,0.5152320861816406,0.02001500129699707,0.036804914474487305
5252079294055202196,2,0.13708901405334473,0.007902145385742188,0.008610963821411133
6543297556194732657,2,0.13813209533691406,0.008121967315673828,0.008977890014648438
183294021545885495,2,0.13952183723449707,0.008127927780151367,0.008712053298950195
6246138916818156567,2,0.14110016822814941,0.007821083068847656,0.009018182754516602
4588850950066679160,21,1.3299248218536377,0.046590328216552734,0.09630036354064941
896407636865955357,1,0.07551884651184082,0.006022930145263672,0.003931760787963867
4797344073588516768,2,0.13824892044067383,0.008198261260986328,0.008841753005981445
8951331242964728003,3,0.20041298866271973,0.010036468505859375,0.013057470321655273
9127708252267596618,12,0.7641811370849609,0.028037071228027344,0.05440187454223633
7117058562516560662,4,0.26540279388427734,0.012201786041259766,0.018146991729736328
6464746387239137516,2,0.1382589340209961,0.008026123046875,0.00861501693725586
2855276747508986204,22,1.393800973892212,0.04863119125366211,0.10163736343383789
6918175364111306119,3,0.20472407341003418,0.010533571243286133,0.012917757034301758
1322614397611062075,2,0.13975286483764648,0.008316278457641602,0.009131908416748047
7546477494392083031,2,0.13777494430541992,0.008222103118896484,0.008704900741577148
3140405865069955605,1,0.07708096504211426,0.005910634994506836,0.003955841064453125
4877801408255488237,3,0.20155096054077148,0.010387420654296875,0.013293981552124023
9099323929397459913,12,0.7683179378509521,0.028344392776489258,0.055106401443481445
4003246602222638337,4,0.2675299644470215,0.011891603469848633,0.018379926681518555
4150416317092185678,3,0.2024698257446289,0.010009765625,0.01399993896484375
6571561201154193864,2,0.1389918327331543,0.00805807113647461,0.008717060089111328
2957126610225245754,2,0.13858509063720703,0.00806427001953125,0.008761882781982422
869245904279177721,4,0.26383280754089355,0.012324810028076172,0.017581939697265625
612970535897687872,3,0.20051097869873047,0.010127782821655273,0.013219833374023438
658037530131154226,3,0.20227479934692383,0.010256290435791016,0.013931751251220703
9201184179890660218,2,0.139876127243042,0.007970094680786133,0.008923530578613281
5544290835229770843,10,0.63850998878479,0.02430105209350586,0.044893741607666016
689389225141660618,3,0.20151400566101074,0.01014089584350586,0.01368093490600586
3164984495130381114,3,0.20108604431152344,0.010054826736450195,0.013579368591308594
2522044702826831806,16,1.025325059890747,0.037627458572387695,0.07541322708129883
3113725869109172438,4,0.268765926361084,0.012482643127441406,0.018509864807128906
7510786721858950700,20,1.2942919731140137,0.05431175231933594,0.09664416313171387
2981565284845478564,2,0.1382293701171875,0.008243083953857422,0.008676767349243164
8840690054793348064,9,0.5795071125030518,0.02248096466064453,0.04274415969848633
516632365872772366,10,0.6390902996063232,0.024169445037841797,0.046781301498413086
565851951994941832,2,0.14160394668579102,0.008427143096923828,0.009479284286499023
3547966993197627527,10,0.6421477794647217,0.024506568908691406,0.04684925079345703
1156867074411984183,10,0.6389570236206055,0.024423599243164062,0.04636859893798828
717991814725025788,1,0.07763504981994629,0.006031036376953125,0.004343748092651367
4719838443189642443,1,0.07721710205078125,0.006103992462158203,0.004268646240234375
4249897834795196178,2,0.1400127410888672,0.008312225341796875,0.008991479873657227
9030666582704038873,5,0.3300821781158447,0.014571189880371094,0.02376079559326172
1413683514244034297,2,0.1377110481262207,0.008154153823852539,0.008397579193115234
8820795499030650463,2,0.13911080360412598,0.007982015609741211,0.008727073669433594
7048168970158462063,2,0.13803386688232422,0.00812387466430664,0.009036064147949219
444268944256955022,2,0.14012694358825684,0.008379220962524414,0.009074926376342773
465465836127705232,3,0.20341873168945312,0.010098934173583984,0.013612747192382812
4632520567351759674,2,0.14029288291931152,0.008460044860839844,0.008903980255126953
5186466354153443249,1,0.07572197914123535,0.006082773208618164,0.003864765167236328
3139830473687291508,4,0.26473498344421387,0.012485265731811523,0.01829671859741211
7581139282930075749,8,0.5150148868560791,0.020402908325195312,0.036637067794799805
5953283920045481644,2,0.13853693008422852,0.008159160614013672,0.00868678092956543
2516628951192323415,6,0.39108705520629883,0.016321897506713867,0.02731037139892578
7670771520469835105,2,0.14370298385620117,0.008148908615112305,0.009032726287841797
6916691908047730046,12,0.7643740177154541,0.028287887573242188,0.05603909492492676
4709595102374595924,2,0.13839077949523926,0.008042097091674805,0.008832931518554688
6267022966294442546,11,0.7012302875518799,0.02609872817993164,0.050290822982788086
3302061621980236438,20,1.2636828422546387,0.044667720794677734,0.09310770034790039
5665071998373584210,12,0.7651181221008301,0.028306007385253906,0.055771589279174805
6633190745679758542,5,0.3316771984100342,0.014527559280395508,0.0231173038482666
187895095375732524,11,0.7047121524810791,0.02662205696105957,0.05118751525878906
7118854563315920432,2,0.13919591903686523,0.008094310760498047,0.008710145950317383
793025824288147707,2,0.14072704315185547,0.008230924606323242,0.009264945983886719
1615132757858023038,9,0.5835950374603271,0.022626876831054688,0.041382789611816406
6152351828121479593,2,0.14024019241333008,0.008250951766967773,0.008966207504272461
5191495304136413211,8,0.5154848098754883,0.02059650421142578,0.03802990913391113
60261929946119626,1,0.07529020309448242,0.006094217300415039,0.003889799118041992
5677531808347879857,10,0.6418061256408691,0.024466991424560547,0.04674887657165527
4130476952233255113,11,0.7003891468048096,0.02672123908996582,0.05037808418273926
3645772113567019776,2,0.1389610767364502,0.008114814758300781,0.00847625732421875
5803937985831866235,2,0.13707590103149414,0.007822036743164062,0.008562088012695312
5824704801923537312,3,0.20128202438354492,0.010132789611816406,0.013921022415161133
9139485741427318737,2,0.14090776443481445,0.008349180221557617,0.009302854537963867
5346305575426443909,13,0.828455924987793,0.030411243438720703,0.060599327087402344
4680355981648032075,7,0.4544672966003418,0.018567323684692383,0.0326991081237793
6347529726493464908,2,0.1392381191253662,0.008302927017211914,0.008492231369018555
3223446129060788730,19,1.2073628902435303,0.0426938533782959,0.08619451522827148
6393866685862879889,2,0.1388390064239502,0.008218526840209961,0.009028911590576172
1441461513310385160,10,0.6379010677337646,0.024291038513183594,0.04513955116271973
7354842446843582753,2,0.13991594314575195,0.008127927780151367,0.008771896362304688
3161311841292119248,2,0.14005494117736816,0.00824117660522461,0.008913993835449219
513210925575456167,7,0.4522128105163574,0.018110990524291992,0.03247714042663574
1201413300002513656,3,0.19969820976257324,0.010194063186645508,0.012804746627807617
8597157293538250490,13,0.8304507732391357,0.03022599220275879,0.05998396873474121
5079704340354845857,2,0.13966012001037598,0.008244037628173828,0.008862733840942383
3150312423036859883,2,0.13827180862426758,0.008073091506958008,0.008583784103393555
7186806998167868127,3,0.20077276229858398,0.01018214225769043,0.013449668884277344
5277073520872998038,2,0.14014697074890137,0.008240938186645508,0.00884389877319336
9096213491566992665,2,0.1383659839630127,0.008264780044555664,0.00861501693725586
5254132321900795238,4,0.2645292282104492,0.012020111083984375,0.0183868408203125
4072106777338070459,2,0.13877487182617188,0.008036136627197266,0.008728981018066406
8106080471057264205,3,0.20166397094726562,0.010111808776855469,0.013043880462646484
5592074480301257456,1,0.07661294937133789,0.005842924118041992,0.0038290023803710938
8736889309653026001,2,0.13695907592773438,0.007812976837158203,0.008520841598510742
1802493612726410301,18,1.1379191875457764,0.0401763916015625,0.08197474479675293
2523383505475069546,2,0.13887739181518555,0.008219003677368164,0.00878143310546875
3449004165523426249,3,0.20093727111816406,0.009891986846923828,0.01278376579284668
6328627022481841097,2,0.13814020156860352,0.008181095123291016,0.008491039276123047
8641655613867846681,2,0.13874101638793945,0.008117914199829102,0.00872492790222168
8814315911366333455,1,0.07512617111206055,0.006127119064331055,0.0038530826568603516
6527104374216900166,1,0.07575511932373047,0.006176948547363281,0.0038251876831054688
7790616122159623898,9,0.5784189701080322,0.022295713424682617,0.04267430305480957
291304371208396454,2,0.13910317420959473,0.008103132247924805,0.008866071701049805
1276609481320120116,9,0.5795600414276123,0.022192001342773438,0.04136085510253906
132109289670664138,2,0.139268159866333,0.008222103118896484,0.008371114730834961
6690540021506657864,17,1.0744829177856445,0.0382075309753418,0.07842493057250977
3153398333297616531,9,0.5789012908935547,0.02228236198425293,0.04219412803649902
1543921763698860291,2,0.13937711715698242,0.008114814758300781,0.00886678695678711
5921111211050224114,2,0.13910508155822754,0.008287668228149414,0.00908041000366211
3608881118103584748,2,0.13934803009033203,0.008124828338623047,0.008809804916381836
5960482950502184221,8,0.5166027545928955,0.020615577697753906,0.03791069984436035
8063065947045154528,4,0.2624387741088867,0.012206554412841797,0.01715087890625
5193228391807670468,2,0.1388390064239502,0.008129119873046875,0.008458852767944336
3057898334018250628,2,0.1387948989868164,0.007912158966064453,0.008668184280395508
4123379107301090738,2,0.1394200325012207,0.008331060409545898,0.00894618034362793
1469955286972083753,10,0.6550698280334473,0.024524211883544922,0.04890561103820801
8448547101407718634,1,0.07573604583740234,0.005991935729980469,0.0039081573486328125
7530944868075122426,8,0.5165488719940186,0.020194053649902344,0.03746628761291504
7508395113829353447,3,0.20056796073913574,0.00995182991027832,0.013370275497436523
5833175184699999845,18,1.140800952911377,0.04054665565490723,0.08352136611938477
5150855682234953823,1,0.07615804672241211,0.005877971649169922,0.0038361549377441406
8032649032405351464,2,0.13882184028625488,0.008022069931030273,0.008691787719726562
2466198038609204073,2,0.1426248550415039,0.008482217788696289,0.009542226791381836
5113331266282079473,13,0.8247311115264893,0.030145883560180664,0.05840873718261719
3078261652940015099,3,0.20322203636169434,0.010286808013916016,0.013644933700561523
5595621032225088230,3,0.20124292373657227,0.010012388229370117,0.01353764533996582
304972059699579602,13,0.8296868801116943,0.030061960220336914,0.06001782417297363
1249342956942433361,2,0.13800883293151855,0.008163928985595703,0.008373737335205078
7126536572882178158,2,0.1380300521850586,0.008174896240234375,0.008587121963500977
3080780212756798457,2,0.1384568214416504,0.008155107498168945,0.00864863395690918
4638549294043698531,9,0.5834240913391113,0.02272319793701172,0.04287385940551758
7562054226673953240,2,0.13840985298156738,0.00819706916809082,0.008610010147094727
3016387745085127601,8,0.5141103267669678,0.02019643783569336,0.03729104995727539
7367909882306195626,3,0.20154404640197754,0.010325193405151367,0.013705968856811523
4377387167566950139,6,0.3872990608215332,0.016016721725463867,0.027042865753173828
3199070551773705773,3,0.2024669647216797,0.01020956039428711,0.01423025131225586
774510875387301870,9,0.5775680541992188,0.022099971771240234,0.04188680648803711
2932089502563370625,17,1.0791659355163574,0.03850054740905762,0.07959794998168945
252239880766765948,1,0.07589387893676758,0.005940914154052734,0.0038781166076660156
4692884551964280433,3,0.2026529312133789,0.010154485702514648,0.013406753540039062
3214927176932803057,2,0.14099788665771484,0.008048295974731445,0.009186983108520508
7023181559480047758,10,0.6420819759368896,0.024506568908691406,0.04702329635620117
6277587385746522415,10,0.6479170322418213,0.0247194766998291,0.04756450653076172
584326592523398127,10,0.6411821842193604,0.02449655532836914,0.04594898223876953
3145529347733053271,9,0.5847659111022949,0.022263288497924805,0.04371380805969238
4507714187205454141,1,0.07641100883483887,0.0061037540435791016,0.004117012023925781
627203779796540257,4,0.2653331756591797,0.01264500617980957,0.01805591583251953
1327794578395505342,5,0.3250741958618164,0.013971567153930664,0.022856950759887695
2356200430887313392,2,0.1401352882385254,0.008137941360473633,0.008746147155761719
1900620744424558014,11,0.7041409015655518,0.02628803253173828,0.04983186721801758
4754813505781084202,9,0.5778300762176514,0.022481203079223633,0.04146432876586914
8573639138578009313,13,0.8294808864593506,0.03024435043334961,0.060274362564086914
4648222577994466402,2,0.1404552459716797,0.008244037628173828,0.009118318557739258
3925869389602412551,2,0.13985013961791992,0.007992029190063477,0.009186267852783203
8396088496147242863,21,1.3280198574066162,0.0462343692779541,0.09569048881530762
7179104534793340683,4,0.2657899856567383,0.012511730194091797,0.018661022186279297
4783557283392043372,14,0.896705150604248,0.03265690803527832,0.06647372245788574
325865912061895363,3,0.2009289264678955,0.010107040405273438,0.01329183578491211
3738792843739569803,3,0.20184707641601562,0.010133028030395508,0.013628244400024414
5272168369928675574,1,0.07524991035461426,0.0060939788818359375,0.0038232803344726562
2534218900501292673,8,0.5154929161071777,0.02007293701171875,0.037068843841552734
221150642470574961,3,0.20373797416687012,0.009920120239257812,0.01356816291809082
1607073804547755042,2,0.13763022422790527,0.008195161819458008,0.00841212272644043
1796785461439633018,4,0.2648952007293701,0.012192249298095703,0.018634796142578125
4247342554684546209,3,0.20284104347229004,0.010399818420410156,0.013921737670898438
3521022235991735113,2,0.13834190368652344,0.008037805557250977,0.008556127548217773
2698859587844473308,15,0.950869083404541,0.03404521942138672,0.06971406936645508
2980101752717124987,3,0.2017049789428711,0.009876251220703125,0.013535737991333008
2600603277424826760,2,0.13757896423339844,0.008177757263183594,0.008510112762451172
8524275477375102007,3,0.20064282417297363,0.010052204132080078,0.013513803482055664
4269223820408167848,15,0.9600119590759277,0.034265756607055664,0.07126045227050781
3985996895012119012,2,0.13921189308166504,0.008123159408569336,0.008624792098999023
3560287952733199649,11,0.6998698711395264,0.026105165481567383,0.050063133239746094
8295506256835014966,8,0.5164651870727539,0.020102739334106445,0.03770184516906738
831445220606059522,2,0.14035987854003906,0.008127927780151367,0.009002208709716797
5633582772299681606,18,1.1413156986236572,0.04021000862121582,0.08454561233520508
8221083308911259534,5,0.3269779682159424,0.014052867889404297,0.02310776710510254
2166453638325522212,17,1.0785200595855713,0.03855156898498535,0.07855367660522461
5036467944151381226,2,0.14145708084106445,0.008194208145141602,0.008847951889038086
3999107454235708803,12,0.7647638320922852,0.02829146385192871,0.05621767044067383
7976050627721461720,2,0.13872194290161133,0.008179903030395508,0.008722066879272461
2204514684103475276,2,0.13748717308044434,0.008118629455566406,0.008591175079345703
272217194130451782,9,0.5775320529937744,0.02219367027282715,0.04178285598754883
2213129222847718201,10,0.6375842094421387,0.023935794830322266,0.046140193939208984
1030144643006112616,13,0.8265891075134277,0.03046441078186035,0.05951213836669922
2659544593410282230,4,0.2644317150115967,0.012130260467529297,0.018475055694580078
5754510029070037809,3,0.20158624649047852,0.010095834732055664,0.013891220092773438
250742849913649797,2,0.13762402534484863,0.008045196533203125,0.008511066436767578
1017181615468257761,2,0.13928604125976562,0.007892847061157227,0.009032011032104492
3933994891274820722,13,0.8323187828063965,0.03077387809753418,0.06059408187866211
5556950486054351591,13,0.8337421417236328,0.0304410457611084,0.060857534408569336
2369674815286367597,10,0.6413898468017578,0.024463891983032227,0.04742074012756348
1344578786589202831,9,0.5766711235046387,0.022294282913208008,0.041440486907958984
6606603042797442516,3,0.2016592025756836,0.010102272033691406,0.012759208679199219
4813216838917161132,9,0.5772700309753418,0.02205038070678711,0.04117703437805176
693344867089451471,1,0.07524490356445312,0.0062100887298583984,0.0038678646087646484
1181853650190808814,2,0.13795900344848633,0.008186101913452148,0.00853872299194336
9037125641038737399,16,1.0132858753204346,0.03635406494140625,0.07431864738464355
6490268820904750120,2,0.13968324661254883,0.008305549621582031,0.009247779846191406
3941614052313239517,11,0.7064180374145508,0.026535987854003906,0.05208086967468262
6717382175786614644,2,0.13747715950012207,0.008193016052246094,0.008378028869628906
5977147696005318136,2,0.1384437084197998,0.008057117462158203,0.008597135543823242
3034252332594351635,2,0.143157958984375,0.008578062057495117,0.00916290283203125
6190925129260186375,2,0.1409599781036377,0.00836491584777832,0.008634090423583984
4533345351643582294,3,0.20224905014038086,0.010137796401977539,0.013749837875366211
3741516689909439198,13,0.8233389854431152,0.030146121978759766,0.05812954902648926
4891912439164716533,4,0.261577844619751,0.01199483871459961,0.017244338989257812
8830809996953278984,11,0.704014778137207,0.02620983123779297,0.050733327865600586
3238493239038290625,2,0.13892483711242676,0.008211851119995117,0.00852513313293457
7238725913338012714,2,0.1397571563720703,0.008424758911132812,0.009054899215698242
8942547809971637827,2,0.13783884048461914,0.00793004035949707,0.008840799331665039
5814071061870761723,3,0.2010340690612793,0.010179281234741211,0.01365041732788086
2279193252073923734,16,1.0163252353668213,0.036290884017944336,0.07594585418701172
4827172592700753954,3,0.1999051570892334,0.010190010070800781,0.012611627578735352
2751571467393758294,39,2.443103313446045,0.08267021179199219,0.17591404914855957
8423501239002478519,4,0.26482200622558594,0.012094259262084961,0.018594741821289062
2157702588658673349,2,0.13848185539245605,0.00824594497680664,0.008929014205932617
9041019797229931854,13,0.8304390907287598,0.030356645584106445,0.06241726875305176
8198384697430420887,16,1.013883352279663,0.036272525787353516,0.0739297866821289
6309748598160019403,10,0.6385178565979004,0.02427220344543457,0.046523332595825195
7018507457254690440,12,0.7652719020843506,0.028254985809326172,0.05611610412597656
4894980480663994633,2,0.1385049819946289,0.007978200912475586,0.008981943130493164
1843141308734693032,10,0.6399238109588623,0.02416539192199707,0.04584455490112305
6470476673739543364,1,0.07628703117370605,0.005881786346435547,0.003880023956298828
4076858624066533106,1,0.07537388801574707,0.006035327911376953,0.0038728713989257812
1399052366511501828,2,0.13983798027038574,0.008137702941894531,0.008884191513061523
468905391772418516,3,0.20214009284973145,0.010175228118896484,0.013847827911376953
4082254889483107249,13,0.8295669555664062,0.030197620391845703,0.06078076362609863
3032879470741778110,22,1.3880259990692139,0.04859113693237305,0.10224199295043945
3657628224812852986,2,0.13951802253723145,0.00841069221496582,0.00910806655883789
7155526883019262667,2,0.14049506187438965,0.008269309997558594,0.008761167526245117
3488087720477032571,3,0.2031111717224121,0.010444879531860352,0.014072179794311523
13403471384097909,10,0.6403350830078125,0.02403879165649414,0.04658842086791992
1748734926662393765,3,0.20096421241760254,0.009938478469848633,0.013505697250366211
2906397817962186194,1,0.0760641098022461,0.005995988845825195,0.0042841434478759766
6048994602792394513,2,0.13945412635803223,0.00832509994506836,0.009001970291137695
3148013300553619563,3,0.20116472244262695,0.010142326354980469,0.013314962387084961
3371146118390013125,19,1.203239917755127,0.04253411293029785,0.08865022659301758
6683364515243590090,2,0.1402301788330078,0.008169174194335938,0.009038686752319336
8616245486954155486,2,0.1395418643951416,0.008323431015014648,0.00866389274597168
7109194583087147707,2,0.13856911659240723,0.008173704147338867,0.009114980697631836
7761544451758126060,3,0.20083117485046387,0.010149002075195312,0.013287067413330078
1953644690690631596,1,0.07530999183654785,0.006049633026123047,0.003849029541015625
5928709185048954863,22,1.4012260437011719,0.0493769645690918,0.10447096824645996
7683547123596231421,4,0.264240026473999,0.012354850769042969,0.0179293155670166
630417212413085339,2,0.13823890686035156,0.008247613906860352,0.008846044540405273
7873489696990565994,2,0.14136219024658203,0.008178949356079102,0.008926868438720703
2296801031962058608,2,0.13881707191467285,0.008432149887084961,0.008666515350341797
6339079704725533298,12,0.7663841247558594,0.02852487564086914,0.05591750144958496
957993468186249616,19,1.2057619094848633,0.04279732704162598,0.0866389274597168
2002497643836182661,2,0.14033293724060059,0.008356094360351562,0.009320259094238281
2147159907759498090,1,0.07682394981384277,0.0064580440521240234,0.0038309097290039062
534926453004236970,3,0.20276618003845215,0.010222911834716797,0.013744831085205078
3032176334411111970,2,0.13999223709106445,0.008164167404174805,0.00872182846069336
7347739974039658763,20,1.265625,0.04432415962219238,0.09370708465576172
5151617605680972797,5,0.32774996757507324,0.01412057876586914,0.023560047149658203
2330750585135795667,2,0.13889193534851074,0.00812077522277832,0.008793115615844727
6386054141507220458,2,0.13758373260498047,0.008099079132080078,0.008467912673950195
7022589719204952957,2,0.13854169845581055,0.0080718994140625,0.00863790512084961
3844474190863200323,12,0.7660119533538818,0.02837204933166504,0.055344343185424805
3058999037796880553,26,1.636293888092041,0.05657148361206055,0.11878252029418945
1038132336203577058,3,0.20180130004882812,0.010293245315551758,0.013041257858276367
6311436070405020182,11,0.70041823387146,0.026469945907592773,0.050945281982421875
5129662610508340946,10,0.6447739601135254,0.024683237075805664,0.04510331153869629
7309043062744962429,11,0.7034199237823486,0.02606678009033203,0.04986000061035156
7885016988186044955,3,0.20166921615600586,0.010183572769165039,0.013351917266845703
1079453475433292105,3,0.20450592041015625,0.010228872299194336,0.013419866561889648
1834235357827560445,11,0.7001311779022217,0.026288270950317383,0.05067276954650879
5704863342996178014,14,0.8896896839141846,0.032259225845336914,0.0662543773651123
3451401908468707102,2,0.1398158073425293,0.008368730545043945,0.00878286361694336
6773593368296507393,2,0.13913488388061523,0.008272171020507812,0.009046077728271484
5052841347696053459,4,0.2632560729980469,0.012390375137329102,0.01778101921081543
3152491941190640766,2,0.13894414901733398,0.008325815200805664,0.008825063705444336
8551987400474511226,27,1.7013089656829834,0.05869102478027344,0.12671971321105957
3839674583999393816,14,0.8891420364379883,0.03233909606933594,0.06500697135925293
254924283882670614,11,0.7002100944519043,0.0260775089263916,0.05052781105041504
55187569615031978,1,0.07567477226257324,0.006163835525512695,0.003968954086303711
4975194159945005846,2,0.13873004913330078,0.008097410202026367,0.008622884750366211
5002178989120223093,4,0.2673459053039551,0.012359380722045898,0.018073081970214844
2295077891789003951,3,0.20058584213256836,0.00985097885131836,0.013435125350952148
3702823073992797560,18,1.142894983291626,0.04024243354797363,0.08427262306213379
5438308961552878534,34,2.1360578536987305,0.07238459587097168,0.15750527381896973
8427589516631983664,9,0.5744359493255615,0.022339582443237305,0.04111433029174805
6174181518956160262,6,0.3912689685821533,0.01636505126953125,0.02783346176147461
3436322645334461492,2,0.13874101638793945,0.008225202560424805,0.009071588516235352
4722764575092336285,2,0.1399390697479248,0.00869607925415039,0.009176015853881836
4711382003145795097,2,0.13834095001220703,0.008208751678466797,0.008807182312011719
2436082783433189262,2,0.13800978660583496,0.008221864700317383,0.008457660675048828
8069250754192056717,5,0.328082799911499,0.014435529708862305,0.02356266975402832
1651679004201016103,11,0.7029738426208496,0.02654886245727539,0.05129194259643555
1378288139667233602,2,0.13781189918518066,0.008046865463256836,0.008474349975585938
4981614447792369896,2,0.13782095909118652,0.008138656616210938,0.008438825607299805
8840954857215792996,2,0.13772892951965332,0.008304834365844727,0.008544206619262695
7118740103522183521,1,0.0755610466003418,0.005884885787963867,0.003988981246948242
3847255731173107181,2,0.13850188255310059,0.008212089538574219,0.008623838424682617
2987815974561315015,23,1.4528040885925293,0.0505223274230957,0.10641050338745117
7779029287030172306,10,0.6413421630859375,0.024326086044311523,0.04732632637023926
5546814333188215061,9,0.5818853378295898,0.022643089294433594,0.042908668518066406
1226433887526189372,6,0.3905658721923828,0.01607370376586914,0.02812361717224121
5811465295730738313,2,0.14242315292358398,0.008411169052124023,0.009361982345581055
355050586308097343,14,0.8885350227355957,0.03228139877319336,0.06605291366577148
5186466523795012628,12,0.7709040641784668,0.028358936309814453,0.05591297149658203
8043911309839856724,3,0.20170807838439941,0.01004791259765625,0.013787508010864258
8069759620787408243,3,0.2001638412475586,0.010064125061035156,0.013447046279907227
1832648779577272549,2,0.13780689239501953,0.008011341094970703,0.008678913116455078
2115723587456693849,1,0.07510805130004883,0.0059320926666259766,0.003887176513671875
5360180336365170659,3,0.2014021873474121,0.00994563102722168,0.013419866561889648
8497666001405468188,19,1.2027509212493896,0.042318105697631836,0.08737921714782715
6174178845721383204,2,0.13823199272155762,0.007955789566040039,0.008739948272705078
5850827893464643519,10,0.6398608684539795,0.024135589599609375,0.04516482353210449
5888258033986496028,2,0.1385059356689453,0.008092880249023438,0.008747100830078125
6718955440526860744,12,0.7650864124298096,0.02819514274597168,0.055527687072753906
3491407752622896158,2,0.13759422302246094,0.008096933364868164,0.00867462158203125
2989098038658073993,2,0.14031004905700684,0.008507251739501953,0.009165763854980469
746745152937044799,3,0.20308780670166016,0.010035991668701172,0.013032913208007812
842606623933189262,2,0.1370401382446289,0.008044719696044922,0.008560657501220703
7810497690230465789,2,0.14036083221435547,0.008334875106811523,0.00873112678527832
3458702212362072613,2,0.13936495780944824,0.00829935073852539,0.008896112442016602
9040987334775172918,2,0.14137911796569824,0.00836801528930664,0.009325027465820312
1635819349467022642,3,0.20290517807006836,0.010313987731933594,0.013921737670898438
928562636091586963,33,2.0844967365264893,0.07057833671569824,0.15506982803344727
5009803621082343992,2,0.1387629508972168,0.008368968963623047,0.008627653121948242
3433726121737353860,4,0.2647690773010254,0.012306928634643555,0.018894672393798828
4481519923209281913,2,0.139085054397583,0.008040904998779297,0.008669137954711914
6265691249756202223,2,0.13831806182861328,0.008297920227050781,0.00860905647277832
7407157299172821289,2,0.13996005058288574,0.008258342742919922,0.009023904800415039
2136092309750964925,2,0.13857507705688477,0.008213281631469727,0.008624792098999023
4304270607135773824,2,0.1389598846435547,0.008049249649047852,0.008702993392944336
8388646454615026948,2,0.14017987251281738,0.00830698013305664,0.009004831314086914
8242147389933428568,11,0.7023868560791016,0.026365995407104492,0.05167126655578613
6432123354660753205,11,0.705859899520874,0.026291847229003906,0.05182075500488281
6746472815310335476,4,0.26341891288757324,0.01226949691772461,0.01730489730834961
9031839074693241078,2,0.13783502578735352,0.007921457290649414,0.008664131164550781
9107087870924692876,3,0.20038294792175293,0.010375738143920898,0.012683868408203125
1224247964225366570,2,0.14110684394836426,0.008340597152709961,0.008758068084716797
7659907482647816208,2,0.13954520225524902,0.008331298828125,0.008561134338378906
8479754490934285262,15,0.9505980014801025,0.034117698669433594,0.06874752044677734
2795708565221214693,3,0.20171689987182617,0.010129928588867188,0.013329029083251953
4573630222431551149,2,0.13814401626586914,0.00814366340637207,0.008681058883666992
7443237300342762163,4,0.26366114616394043,0.01208949089050293,0.018345117568969727
1010642023773255036,3,0.20099186897277832,0.01003408432006836,0.01356196403503418
602015718455550593,21,1.3289570808410645,0.04630589485168457,0.0970611572265625
5873623907242357799,8,0.5139169692993164,0.02022242546081543,0.03743743896484375
1431055656598967390,2,0.13855600357055664,0.008362054824829102,0.008591890335083008
2028970999176013361,2,0.1395399570465088,0.008142948150634766,0.008939981460571289
7136081517253655108,16,1.013267993927002,0.03616189956665039,0.07431364059448242
2522036623748472402,10,0.6463918685913086,0.024330615997314453,0.04671597480773926
4654020128702701921,19,1.2000291347503662,0.04240679740905762,0.0875239372253418
4769453358871707635,12,0.765559196472168,0.028185367584228516,0.055977821350097656
8632441374804991253,2,0.13976812362670898,0.008198261260986328,0.008756637573242188
379012633711598786,11,0.7006149291992188,0.026207685470581055,0.05033445358276367
3797805288806167720,3,0.201765775680542,0.010359525680541992,0.013543844223022461
5051919322385112238,4,0.2624630928039551,0.012258291244506836,0.017546653747558594
900728059389038614,3,0.2012639045715332,0.010292768478393555,0.012986183166503906
5492697463564606120,12,0.7638339996337891,0.02841019630432129,0.054506778717041016
5921719299496420100,4,0.2635190486907959,0.012387514114379883,0.01802825927734375
36399873402267067,11,0.7036221027374268,0.02618241310119629,0.05092597007751465
8379789786766980517,2,0.1385939121246338,0.008173227310180664,0.008592367172241211
4220962605291060086,1,0.07528114318847656,0.0059850215911865234,0.003882169723510742
4099244192802647924,3,0.20623493194580078,0.01029515266418457,0.01379084587097168
7381220034119724072,12,0.7645368576049805,0.028260231018066406,0.05570340156555176
1675495233940787065,2,0.14036083221435547,0.008147239685058594,0.00883936882019043
7321716888235233225,11,0.7045609951019287,0.026155948638916016,0.05028700828552246
1515386761255946586,19,1.1973719596862793,0.042380332946777344,0.08413362503051758
8132280752602559610,2,0.13864493370056152,0.008095264434814453,0.008430719375610352
8784803305731043012,12,0.7654910087585449,0.028206586837768555,0.055291175842285156
4356760371828128704,10,0.6370759010314941,0.024127721786499023,0.044968366622924805
8292013264521385914,3,0.20441079139709473,0.010457992553710938,0.014005899429321289
4948089209438864611,2,0.1411600112915039,0.008151054382324219,0.009025096893310547
7702685954199099874,2,0.1405489444732666,0.007987499237060547,0.00902700424194336
1979160357378001203,14,0.8914942741394043,0.03228902816772461,0.06603717803955078
692889998317374398,13,0.8301699161529541,0.030226707458496094,0.06196260452270508
6459596092875799698,11,0.7014620304107666,0.026413440704345703,0.05135989189147949
2468108497082001676,3,0.2026510238647461,0.010258674621582031,0.013652801513671875
2852207457143897987,2,0.13928890228271484,0.008372783660888672,0.0086517333984375
104842910353594390,5,0.32698917388916016,0.01395273208618164,0.02247142791748047
9218169587068149941,2,0.1384587287902832,0.008200407028198242,0.008442878723144531
8544444295346106247,11,0.7063848972320557,0.026349544525146484,0.05094623565673828
4733758436543061160,9,0.576984167098999,0.02230548858642578,0.040930747985839844
1512151483130768447,9,0.5761010646820068,0.02242732048034668,0.03994488716125488
6784425221463645810,2,0.13807010650634766,0.00806879997253418,0.008539915084838867
6758815647646398693,11,0.6991500854492188,0.026267290115356445,0.050393104553222656
2082054218305673970,2,0.14261603355407715,0.008112192153930664,0.008594989776611328
3994389489926850896,2,0.13785195350646973,0.00810098648071289,0.008730888366699219
8350268672305498815,2,0.1377260684967041,0.008077859878540039,0.008581876754760742
8676810292443083501,13,0.830559253692627,0.030354976654052734,0.06139683723449707
6442634892045167998,3,0.20088887214660645,0.010161876678466797,0.013213157653808594
7304092007030103356,13,0.8290829658508301,0.03032064437866211,0.060062408447265625
8931289317363707550,10,0.6366729736328125,0.024073123931884766,0.04610323905944824
5391690137124564339,23,1.4479129314422607,0.049952030181884766,0.10475516319274902
7210120278596213217,3,0.2039470672607422,0.010413408279418945,0.013766765594482422
3767046171786924693,3,0.20226287841796875,0.010340213775634766,0.013641119003295898
1811149880175124078,11,0.7009952068328857,0.026210546493530273,0.049819231033325195
2651314553788582851,2,0.13991117477416992,0.008188724517822266,0.008825063705444336
9042323749143997828,5,0.32567906379699707,0.013923406600952148,0.02276611328125
8876166705360372210,2,0.13775277137756348,0.008125066757202148,0.00843667984008789
4990713600908955766,3,0.2039320468902588,0.010033130645751953,0.013487100601196289
2494412559524332011,2,0.13944506645202637,0.008327960968017578,0.008909225463867188
8778411947823488307,9,0.5780911445617676,0.022292375564575195,0.04192709922790527
7622661541605175182,12,0.7674088478088379,0.028186798095703125,0.05601692199707031
2033361367448400248,10,0.6403040885925293,0.023976564407348633,0.04614710807800293
1414783687324117489,2,0.13838577270507812,0.008132219314575195,0.008561372756958008
5127417913527745242,3,0.20127367973327637,0.010067224502563477,0.013596057891845703
6756977827013542643,5,0.32842087745666504,0.014303922653198242,0.02322554588317871
7449954600754404495,23,1.458374261856079,0.05055546760559082,0.10645341873168945
3297721508457294434,11,0.70831298828125,0.02620410919189453,0.05010366439819336
3541537605790435235,2,0.13849401473999023,0.008032798767089844,0.00850224494934082
429800836412968542,2,0.13938570022583008,0.008484363555908203,0.009025096893310547
4754931010811690528,2,0.13904571533203125,0.008069038391113281,0.008696794509887695
4230135119816782495,3,0.2035069465637207,0.009981632232666016,0.012778759002685547
5980601732867020952,13,0.8333148956298828,0.03073716163635254,0.0614628791809082
1802275730286661087,2,0.13828420639038086,0.008106231689453125,0.008456945419311523
4648061541409191410,3,0.2023296356201172,0.010387897491455078,0.013660192489624023
2020078184630285630,2,0.13899016380310059,0.008082389831542969,0.008677244186401367
8240298319121286770,14,0.8956518173217773,0.032549142837524414,0.06524300575256348
8834510961621244910,15,0.9506921768188477,0.0341029167175293,0.07007312774658203
4396966232853062254,2,0.1386101245880127,0.008162975311279297,0.008405208587646484
7259974561455927308,4,0.26371002197265625,0.012360572814941406,0.018706560134887695
262835870786496811,14,0.8890359401702881,0.03213620185852051,0.06468582153320312
1482760808144247750,14,0.8883631229400635,0.03237628936767578,0.06374979019165039
5894108392606300012,27,1.7070729732513428,0.05880165100097656,0.12661528587341309
2931186745496977623,2,0.14181184768676758,0.008175849914550781,0.00869894027709961
4090216635698018722,11,0.7077479362487793,0.026212692260742188,0.05207967758178711
3118007831141362598,2,0.14000892639160156,0.008236169815063477,0.008748292922973633
1670599607451298246,2,0.14402318000793457,0.00853276252746582,0.009045124053955078
4806262474782427936,5,0.32988691329956055,0.014539480209350586,0.02300095558166504
4877812962869960699,10,0.6506092548370361,0.024426698684692383,0.0481419563293457
5466390711171247988,3,0.20479607582092285,0.01031351089477539,0.014066934585571289
7265541594253319122,4,0.2676279544830322,0.012432098388671875,0.01937580108642578
5048960442270082679,2,0.13882017135620117,0.008230924606323242,0.008787870407104492
5947180755166536959,24,1.5322799682617188,0.05241274833679199,0.11288309097290039
6227599566014236653,12,0.773859977722168,0.02844858169555664,0.05714249610900879
4189628802367678779,3,0.20464873313903809,0.010206937789916992,0.013926029205322266
9119774888665965609,2,0.13934111595153809,0.008330345153808594,0.00861501693725586
6963475354414248940,3,0.20294499397277832,0.010394811630249023,0.014074087142944336
7871866434048582321,2,0.14262914657592773,0.008562088012695312,0.008880138397216797
3285981397556265492,2,0.14100408554077148,0.008071184158325195,0.00886678695678711
8844856069803869528,9,0.576653242111206,0.022301435470581055,0.04165911674499512
5757702625371698036,10,0.6375119686126709,0.024221181869506836,0.045116424560546875
7211683778306904328,9,0.5780029296875,0.022161006927490234,0.04139423370361328
3404670196460076227,7,0.4528160095214844,0.01806330680847168,0.03156542778015137
6062750870651126391,13,0.8266079425811768,0.030017852783203125,0.06025409698486328
1056601840739524587,2,0.13919401168823242,0.008123636245727539,0.00856781005859375
3972949590290116134,3,0.20266008377075195,0.010274171829223633,0.013643264770507812
2528573323028559426,3,0.20288896560668945,0.010709047317504883,0.013893604278564453
2153451827289288349,2,0.13892889022827148,0.008027791976928711,0.008631229400634766
7700793866447502188,9,0.5768060684204102,0.022211790084838867,0.041416168212890625
2294931951008938859,2,0.1383199691772461,0.008038997650146484,0.008565425872802734
606907568123745556,3,0.20087289810180664,0.010221242904663086,0.013553857803344727
5163277354399625496,12,0.7695238590240479,0.028533220291137695,0.05610990524291992
6196060231614683776,15,0.9666979312896729,0.03476548194885254,0.0713949203491211
500546045601906570,5,0.32987284660339355,0.014293670654296875,0.022902727127075195
430741693203906814,3,0.20261096954345703,0.010059118270874023,0.013901233673095703
766181134435130277,1,0.07583999633789062,0.00599217414855957,0.0039730072021484375
5698571973021151709,4,0.2672297954559326,0.012049674987792969,0.01893019676208496
1620751100919000023,2,0.14030098915100098,0.00812387466430664,0.008942127227783203
7104883451209644974,3,0.2028958797454834,0.009983062744140625,0.013645410537719727
876251505306290400,2,0.13850188255310059,0.008014678955078125,0.008765220642089844
6672053223451603632,9,0.5887627601623535,0.022984743118286133,0.04310798645019531
3428828078134210692,6,0.3958420753479004,0.016393423080444336,0.028738021850585938
3674845003205258450,4,0.26855969429016113,0.012305736541748047,0.018849849700927734
2726884045215590112,4,0.26912903785705566,0.012115955352783203,0.018558025360107422
4662364416029367314,4,0.2664070129394531,0.012067794799804688,0.018507957458496094
7511911329059184259,3,0.20395994186401367,0.010120391845703125,0.013791084289550781
843355055349096222,2,0.1382911205291748,0.00811910629272461,0.008605003356933594
1001508210454869105,3,0.2036910057067871,0.010365486145019531,0.013213157653808594
2872302359273712078,2,0.1403350830078125,0.008545637130737305,0.00913238525390625
4440482144427159825,2,0.13927507400512695,0.008162975311279297,0.008778095245361328
7179734055882691627,12,0.7760529518127441,0.02817082405090332,0.05758953094482422
8643120110789557609,6,0.3938941955566406,0.016090869903564453,0.028397798538208008
1242990581231493355,3,0.20775198936462402,0.010393857955932617,0.014007091522216797
3204873974785645555,2,0.14046907424926758,0.008310079574584961,0.009176969528198242
3772558251395142426,2,0.13883233070373535,0.008250713348388672,0.008733987808227539
7404744514122872741,17,1.0928430557250977,0.03855252265930176,0.08012032508850098
5105523426377192575,2,0.14203596115112305,0.008350133895874023,0.008588552474975586
8233175503173606673,13,0.8345382213592529,0.030292987823486328,0.060311317443847656
4774602398254899173,2,0.13845014572143555,0.008199214935302734,0.00845479965209961
535440965542345256,2,0.13805627822875977,0.00809788703918457,0.008720874786376953
6423015527540976377,2,0.14062118530273438,0.008050918579101562,0.008877992630004883
33078316007161965,12,0.7734408378601074,0.028258085250854492,0.05588412284851074
5158648912969940949,4,0.26734495162963867,0.012402057647705078,0.018095970153808594
7646820843358061235,9,0.5833849906921387,0.022695064544677734,0.04353833198547363
308331199400111716,2,0.14027905464172363,0.008152246475219727,0.008968353271484375
2219927230058405563,3,0.20100665092468262,0.01004791259765625,0.013380050659179688
7983452037552586003,19,1.207470178604126,0.04221391677856445,0.08683061599731445
3643387502117658399,12,0.7804827690124512,0.028523683547973633,0.05761241912841797
4477031027747334377,9,0.5872399806976318,0.02291584014892578,0.04265594482421875
6729368588645413810,11,0.7166001796722412,0.026840686798095703,0.053891897201538086
9134269238462710762,3,0.20165300369262695,0.010212182998657227,0.013018369674682617
3136057697731664315,5,0.32979583740234375,0.014388799667358398,0.022554636001586914
6420331888630968886,13,0.8373150825500488,0.030399322509765625,0.06156611442565918
8019867009233778021,2,0.13999629020690918,0.008071184158325195,0.008646965026855469
3199362847890243480,2,0.1410210132598877,0.008358240127563477,0.009256124496459961
5684121289081870167,2,0.1422898769378662,0.008262157440185547,0.008978128433227539
2144724295080741297,2,0.13921880722045898,0.008105039596557617,0.0088348388671875
2253465415515278650,1,0.07587718963623047,0.005980968475341797,0.003912925720214844
7779058094721042591,2,0.13980889320373535,0.008121013641357422,0.008895158767700195
2632680229470434099,2,0.13907980918884277,0.00807809829711914,0.008805990219116211
8483535420058334156,12,0.7800090312957764,0.02857804298400879,0.05727672576904297
2049962183606520901,2,0.14141297340393066,0.008220911026000977,0.009120941162109375
7714304354633746098,6,0.3974168300628662,0.016195058822631836,0.028708457946777344
8909360496801329227,11,0.7163829803466797,0.026294469833374023,0.05205941200256348
9017768493440178730,2,0.13934683799743652,0.008356809616088867,0.00842905044555664
5922349706798424578,2,0.13864994049072266,0.008430957794189453,0.008739233016967773
90706542029074354,10,0.643744945526123,0.02445816993713379,0.04688429832458496
12247269198344702,13,0.8361289501190186,0.030361175537109375,0.05999922752380371
4545319859141114407,2,0.13955283164978027,0.008056163787841797,0.008634805679321289
6897592291008998995,15,0.9648120403289795,0.03445839881896973,0.07027626037597656
5641926014634831942,2,0.14097285270690918,0.008090972900390625,0.008563756942749023
3121573525237763442,2,0.1389310359954834,0.00810861587524414,0.008794069290161133
4537318379373359798,3,0.20473790168762207,0.010326147079467773,0.01337885856628418
4182245285274927828,13,0.837270975112915,0.030170202255249023,0.061290740966796875
4814030850363089947,11,0.712939977645874,0.0266726016998291,0.0526275634765625
1708179088326616225,14,0.9013431072235107,0.03240394592285156,0.06591391563415527
3273809350988599878,4,0.26810407638549805,0.01238393783569336,0.017362117767333984
7752980882783539663,9,0.5913772583007812,0.0227200984954834,0.04322028160095215
3227509968320672499,2,0.13983583450317383,0.008357763290405273,0.008656978607177734
4688637203861699176,2,0.14226198196411133,0.008359909057617188,0.008804798126220703
8886046753231572125,2,0.14062166213989258,0.008144855499267578,0.008602380752563477
3476011803239015602,7,0.46016907691955566,0.01827716827392578,0.03210186958312988
3509879938963284042,2,0.14127683639526367,0.008138656616210938,0.00868988037109375
1316577087976182951,9,0.587805986404419,0.022374391555786133,0.04309678077697754
8170885406271898062,2,0.1392381191253662,0.008259296417236328,0.008509159088134766
4887239488418394662,3,0.2062358856201172,0.0104217529296875,0.013979673385620117
2041054871289481598,3,0.205765962600708,0.01035308837890625,0.013957500457763672
2233327434694378195,4,0.2689850330352783,0.012084245681762695,0.0187070369720459
3655086237313187051,4,0.2702031135559082,0.012141942977905273,0.01855611801147461
8102031957738396373,22,1.4236879348754883,0.049300432205200195,0.10478353500366211
1245211700617352916,13,0.8523099422454834,0.03088545799255371,0.06249046325683594
1943262148280470906,14,0.9056990146636963,0.03267049789428711,0.06594443321228027
6717098776666634770,3,0.201735258102417,0.010106801986694336,0.013296842575073242
8480719186885595893,10,0.6533582210540771,0.024185895919799805,0.04630732536315918
7955309470689950193,2,0.13836908340454102,0.008038997650146484,0.008734703063964844
918595178340603970,9,0.58713698387146,0.02273702621459961,0.04189014434814453
8861564058925742668,2,0.1389780044555664,0.00803518295288086,0.008591651916503906
391455673919116605,2,0.13982391357421875,0.007877588272094727,0.00892186164855957
4711982194103779325,5,0.33113789558410645,0.014295339584350586,0.023419857025146484
6586258688206774631,13,0.8409991264343262,0.030501842498779297,0.06109309196472168
5051370622994132784,15,0.9720058441162109,0.03483295440673828,0.07149577140808105
7148187390977252527,3,0.20573997497558594,0.010265827178955078,0.013242959976196289
2259478383156311960,4,0.2680799961090088,0.012124061584472656,0.019083023071289062
5780736643328814213,3,0.20185089111328125,0.010051727294921875,0.013463258743286133
1291690609500367133,1,0.07567882537841797,0.006155967712402344,0.004050254821777344
6628359260537358093,11,0.7145421504974365,0.026662588119506836,0.052225589752197266
9020472480691019133,13,0.8433382511138916,0.030646562576293945,0.060762643814086914
4723433099657280209,3,0.20404601097106934,0.010341405868530273,0.013729572296142578
1833964400427867805,3,0.20660805702209473,0.01041102409362793,0.01417088508605957
1103751792051759720,2,0.13993382453918457,0.007986068725585938,0.008924007415771484
8415704340306736659,19,1.2310130596160889,0.04329872131347656,0.09143543243408203
9184871920152349115,11,0.7176070213317871,0.026353120803833008,0.0534977912902832
210107409324751840,2,0.14049792289733887,0.00816202163696289,0.008955240249633789
5582407181267639649,3,0.20356392860412598,0.010048389434814453,0.01355123519897461
8700692332822972860,14,0.908073902130127,0.032477617263793945,0.06656455993652344
2044615620114120482,2,0.14193511009216309,0.007965564727783203,0.008858203887939453
9078188554910012130,2,0.13897228240966797,0.008082866668701172,0.00865483283996582
535946641418463462,2,0.14028406143188477,0.008128643035888672,0.009417057037353516
8687621190401155176,19,1.2301311492919922,0.04280567169189453,0.09070134162902832
7300666981014134208,14,0.9146740436553955,0.03289008140563965,0.06607294082641602
1823040070988303679,3,0.20450425148010254,0.010357379913330078,0.013080358505249023
6823255112373628256,14,0.902073860168457,0.03251338005065918,0.06620907783508301
9127325767706828528,3,0.20682382583618164,0.010286331176757812,0.014153003692626953
7261336634892123648,9,0.5878210067749023,0.02252650260925293,0.043047428131103516
3980843804528385089,10,0.6524498462677002,0.024292945861816406,0.04694819450378418
5785336185160795404,4,0.2680172920227051,0.012173175811767578,0.019041061401367188
8657881573593895749,19,1.2249701023101807,0.04261279106140137,0.08965849876403809
8334670160419886339,2,0.14136481285095215,0.008136987686157227,0.008823156356811523
3485109262789423758,3,0.20373225212097168,0.01029205322265625,0.013061285018920898
703756278100534495,2,0.14008688926696777,0.008365869522094727,0.009260892868041992
8509102019981952468,11,0.7166309356689453,0.026620864868164062,0.05160832405090332
9069690672018203125,2,0.1413431167602539,0.00873112678527832,0.008147001266479492
1244520356662320825,3,0.2017970085144043,0.010064840316772461,0.013431072235107422
2373964646588258133,4,0.27155089378356934,0.012375831604003906,0.01912069320678711
968378411592477666,2,0.14017295837402344,0.008127212524414062,0.00872802734375
6976994621154047983,2,0.1412670612335205,0.008335351943969727,0.00909423828125
7015142921084852345,2,0.14060115814208984,0.008181095123291016,0.008806943893432617
5284349635266891957,2,0.13928794860839844,0.00807499885559082,0.00890803337097168
6215990537016742441,3,0.20441699028015137,0.010065317153930664,0.013859748840332031
9075508902040181663,2,0.14110493659973145,0.007963180541992188,0.008800745010375977
675138834767689290,2,0.14215683937072754,0.008378267288208008,0.00929880142211914
7884638734932154452,13,0.8494429588317871,0.030368804931640625,0.06274628639221191
3092768484057811,23,1.4838380813598633,0.05083036422729492,0.11010217666625977
704176889864003415,1,0.07669997215270996,0.006041765213012695,0.003898143768310547
3388147736620575587,20,1.2945520877838135,0.04460954666137695,0.09636902809143066
1010384343475798754,13,0.8459258079528809,0.030609607696533203,0.061501264572143555
7654417509326760086,23,1.4893529415130615,0.051399946212768555,0.11178255081176758
8328108739525609643,11,0.7141408920288086,0.026567697525024414,0.052449703216552734
5604311694043642555,18,1.1704111099243164,0.04108285903930664,0.08578801155090332
5889522570953096108,2,0.14142274856567383,0.008367300033569336,0.00893402099609375
6561696614538299050,7,0.4630289077758789,0.01882481575012207,0.03374361991882324
809694228247086118,9,0.5877439975738525,0.022087574005126953,0.04256486892700195
2357714258324682062,2,0.14145684242248535,0.008025169372558594,0.008867025375366211
5137955016142734744,11,0.7132411003112793,0.026922225952148438,0.05003833770751953
3839893686872183881,2,0.14019370079040527,0.008111000061035156,0.008211851119995117
3813994043795355629,1,0.07656502723693848,0.006087064743041992,0.0038979053497314453
6248951159988295529,19,1.225856065750122,0.042536258697509766,0.08888936042785645
1424747783758931784,3,0.20513582229614258,0.010234832763671875,0.013616800308227539
8428389194942239178,5,0.33504700660705566,0.014384031295776367,0.02457737922668457
5320813013344688856,2,0.1425020694732666,0.008433103561401367,0.009282112121582031
7166432164579483774,9,0.5880382061004639,0.022713661193847656,0.0419771671295166
2568163780608927810,10,0.6553499698638916,0.024512290954589844,0.04801797866821289
1709610249655252644,9,0.5929419994354248,0.022811412811279297,0.04336118698120117
608736449079561953,2,0.1429438591003418,0.008282899856567383,0.009555578231811523
789270016358904112,5,0.33339500427246094,0.014333724975585938,0.023052692413330078
4389916658304056836,2,0.14124393463134766,0.00821375846862793,0.00867462158203125
6475493073894497095,2,0.14491701126098633,0.008643150329589844,0.009274959564208984
3092847875048296667,1,0.07714509963989258,0.006212949752807617,0.004065990447998047
9137259904841228771,2,0.1395399570465088,0.008180856704711914,0.00877690315246582
581229538417414064,9,0.5911900997161865,0.0225827693939209,0.04349327087402344
8183961466170767651,2,0.14186429977416992,0.008409976959228516,0.009063005447387695
6704080305941852233,4,0.26923418045043945,0.012138605117797852,0.018084287643432617
7852878949987063419,14,0.9123039245605469,0.032566070556640625,0.06705689430236816
3671253416096065276,2,0.14030814170837402,0.008278131484985352,0.008707046508789062
2328339160593204057,10,0.6527588367462158,0.024448394775390625,0.046717166900634766
2612599348791290784,12,0.7838678359985352,0.029273509979248047,0.05604243278503418
4511760923387137419,2,0.14088892936706543,0.008202791213989258,0.009010076522827148
9068466653761528350,20,1.2860369682312012,0.04452848434448242,0.09437966346740723
4883935045613556862,2,0.1412038803100586,0.00814509391784668,0.008940935134887695
3613036090857691860,2,0.1396012306213379,0.008301973342895508,0.008877992630004883
242721267792912680,17,1.098078966140747,0.038439035415649414,0.08152151107788086
4367124463576663474,2,0.13866281509399414,0.008177042007446289,0.008754968643188477
6266009159452737436,6,0.39450597763061523,0.016202926635742188,0.027616024017333984
3965839078579792861,2,0.14148902893066406,0.008167743682861328,0.009064197540283203
4319076555040326013,4,0.2707540988922119,0.012119054794311523,0.01878809928894043
6969423377157945390,9,0.5889050960540771,0.022417545318603516,0.04274344444274902
5244605770331405792,2,0.14127278327941895,0.008334875106811523,0.009450912475585938
2108485426594656382,3,0.2041940689086914,0.010229825973510742,0.013134002685546875
7487996398921650860,10,0.6550772190093994,0.024300813674926758,0.04832267761230469
4765042785010245695,22,1.4233059883117676,0.04940032958984375,0.10368704795837402
2391376739138690882,24,1.5836520195007324,0.05372262001037598,0.11626076698303223
2641218745217302381,2,0.14117789268493652,0.008523702621459961,0.009051799774169922
1784651304617368845,18,1.1640262603759766,0.04070162773132324,0.08569645881652832
3620981514561283054,3,0.205125093460083,0.010065555572509766,0.013736724853515625
1785032554045764028,11,0.7167050838470459,0.026490449905395508,0.0518345832824707
3721430264790417258,2,0.14136290550231934,0.00825047492980957,0.008864164352416992
6728138614872944624,11,0.7179498672485352,0.026391983032226562,0.05320477485656738
7010922882272912521,4,0.27130699157714844,0.012557744979858398,0.018984079360961914
3079076668551473124,11,0.7168121337890625,0.02671051025390625,0.05098843574523926
8008483222390968044,2,0.14009594917297363,0.008132696151733398,0.00884389877319336
2198024020841247035,8,0.5251138210296631,0.02036285400390625,0.03775835037231445
8804795354386376018,11,0.7166247367858887,0.026571273803710938,0.051783084869384766
8255637788901107695,8,0.5240991115570068,0.020128965377807617,0.03744792938232422
4853460122435378156,2,0.14226388931274414,0.008426189422607422,0.009240150451660156
7373096227544063871,6,0.3977837562561035,0.016447067260742188,0.027843952178955078
5189021648447198398,3,0.20739006996154785,0.01081705093383789,0.014245271682739258
4863329230965061036,2,0.14285492897033691,0.008571624755859375,0.008822917938232422
3290927203338145180,23,1.4864530563354492,0.050655364990234375,0.10991930961608887
8362183730394014300,7,0.4610559940338135,0.018321990966796875,0.031447410583496094
2591060652677596727,2,0.14061522483825684,0.008279085159301758,0.008719921112060547
8316616799073645271,10,0.6575429439544678,0.024775981903076172,0.04896879196166992
2024551564845726388,2,0.1420290470123291,0.008348941802978516,0.009204864501953125
8336709577876443754,2,0.14049506187438965,0.008133888244628906,0.008771896362304688
5945485985638251234,2,0.141556978225708,0.008099079132080078,0.008868217468261719
6407449147078768128,3,0.20647692680358887,0.010161161422729492,0.013934850692749023
372887918246862053,2,0.14146900177001953,0.008246898651123047,0.009024858474731445
8616286904368734028,14,0.9107449054718018,0.03271818161010742,0.06740307807922363
5426389695046596805,2,0.1441667079925537,0.008363008499145508,0.00904703140258789
7995311595857850843,2,0.142103910446167,0.008519887924194336,0.009287834167480469
6082401637991265484,14,0.9105629920959473,0.032533884048461914,0.06624603271484375
2110840703353591275,5,0.3314359188079834,0.014264583587646484,0.022632122039794922
1347895861920878967,2,0.14138484001159668,0.008158206939697266,0.008821725845336914
5669938622397636749,9,0.5896081924438477,0.022436141967773438,0.042069196701049805
1119787764476808422,22,1.4237849712371826,0.04900813102722168,0.1059722900390625
5683689620652648870,3,0.20583176612854004,0.010355949401855469,0.014032125473022461
5623900986693320761,14,0.9094130992889404,0.032805442810058594,0.06476354598999023
2559552917977823640,12,0.7806611061096191,0.028504371643066406,0.05591917037963867
2801711927162619635,2,0.14075899124145508,0.00787806510925293,0.008984804153442383
9170628037973844544,2,0.14220476150512695,0.0084228515625,0.008869647979736328
7674286948358775609,3,0.20346498489379883,0.010256052017211914,0.01369476318359375
3870237443371931899,2,0.13918375968933105,0.008088827133178711,0.008721590042114258
6115424264728931819,2,0.14101910591125488,0.00816488265991211,0.00897216796875
4007010622438288936,19,1.227245807647705,0.042597293853759766,0.08995604515075684
7363732676423206452,2,0.13939404487609863,0.008145570755004883,0.008742094039916992
3127743711271253954,2,0.14247989654541016,0.007916927337646484,0.009183883666992188
2724957986508191580,17,1.1017310619354248,0.03862953186035156,0.08010673522949219
8846769260900020446,12,0.7822751998901367,0.02841329574584961,0.05686306953430176
5590121911008217624,11,0.7191109657287598,0.026445627212524414,0.0522611141204834
6819386335712314109,2,0.1425471305847168,0.008491992950439453,0.009102106094360352
6811373899391817170,2,0.14139986038208008,0.008234977722167969,0.008620262145996094
1655084371081798590,2,0.14246511459350586,0.008538961410522461,0.00903177261352539
2915838950544365666,2,0.1428060531616211,0.00830388069152832,0.00950479507446289
8428061592288239868,8,0.5251719951629639,0.02025890350341797,0.03810405731201172
7997390910192604036,4,0.27062416076660156,0.012446403503417969,0.018851518630981445
2845523004651258519,17,1.1016640663146973,0.03853344917297363,0.08040404319763184
846150838822178724,11,0.7158479690551758,0.026464223861694336,0.051985979080200195
3804022802084830072,2,0.14192891120910645,0.00860285758972168,0.009281158447265625
3995296131365277647,2,0.14232277870178223,0.008118867874145508,0.009068965911865234
3424231351658412689,3,0.20727014541625977,0.010518789291381836,0.014298439025878906
5909398920315604698,17,1.1031980514526367,0.038878440856933594,0.08066821098327637
7498360320979199576,2,0.14085102081298828,0.008345365524291992,0.009244918823242188
2283197576941359123,9,0.5886867046356201,0.022458791732788086,0.041918277740478516
2760657480444486527,30,1.931053876876831,0.06492137908935547,0.13823199272155762
7947690944488627076,9,0.5905790328979492,0.022345542907714844,0.04334759712219238
243712399882920305,10,0.659149169921875,0.025037527084350586,0.04793500900268555
6119004730301454320,4,0.26999974250793457,0.012349367141723633,0.018278121948242188
6681686525950174682,2,0.14123296737670898,0.008133888244628906,0.008954048156738281
2577167971180865086,12,0.783811092376709,0.028197288513183594,0.05893445014953613
3985780690216762853,2,0.14145779609680176,0.00839376449584961,0.00902700424194336
5962358803101837356,13,0.8547899723052979,0.03085160255432129,0.06404352188110352
2984525791245473938,2,0.1418929100036621,0.008137702941894531,0.008956432342529297
5648966221778490692,3,0.20556116104125977,0.010289907455444336,0.014068126678466797
2953459720339537425,2,0.14154911041259766,0.008316993713378906,0.008828878402709961
6341421220346466279,10,0.6535811424255371,0.024593591690063477,0.047771453857421875
8631802932318108310,3,0.20580720901489258,0.010125160217285156,0.013438701629638672
6984441802849160544,2,0.14093899726867676,0.008161544799804688,0.008730173110961914
4786365163707186186,12,0.7834038734436035,0.02847123146057129,0.0573880672454834
806285963287648952,2,0.1424083709716797,0.008237838745117188,0.009289979934692383
1865897916552550797,23,1.4852039813995361,0.050728559494018555,0.11145830154418945
5791819075675099710,12,0.7872340679168701,0.02888321876525879,0.05680537223815918
540006486415526359,2,0.1433401107788086,0.008503913879394531,0.009041309356689453
5075018584359908842,3,0.2070331573486328,0.01048421859741211,0.014077425003051758
3950879348815080877,10,0.6550469398498535,0.024539470672607422,0.04758000373840332
4887788842319785663,24,1.5497527122497559,0.0527956485748291,0.11382102966308594
2183956769340726161,1,0.07623291015625,0.006139993667602539,0.004014015197753906
8075101828027223802,3,0.20645594596862793,0.010498285293579102,0.01361989974975586
2637474920636073999,2,0.1425342559814453,0.008222103118896484,0.009595394134521484
6752527357888037749,19,1.2323100566864014,0.04334878921508789,0.09030008316040039
8086176476709444892,1,0.07661080360412598,0.006105899810791016,0.0040471553802490234
8678067263664962633,12,0.7811040878295898,0.028477907180786133,0.057472944259643555
4181615113934378813,14,0.9145708084106445,0.032953500747680664,0.06756210327148438
3770230000523283696,2,0.1404571533203125,0.008269786834716797,0.008946895599365234
4226183926510610327,14,0.915355920791626,0.03293895721435547,0.06690716743469238
5884845398279756180,13,0.8433258533477783,0.03066229820251465,0.06136274337768555
8071204355162937292,7,0.46204495429992676,0.01878523826599121,0.03238224983215332
4370231497164164850,9,0.5901920795440674,0.022615671157836914,0.041585683822631836
8091948237591450172,17,1.1019799709320068,0.03855443000793457,0.07844328880310059
2643368673159096210,11,0.7239148616790771,0.026619672775268555,0.05411553382873535
7791646286239916167,11,0.7174739837646484,0.02680349349975586,0.05253100395202637
6559128130557295406,4,0.2682809829711914,0.012237548828125,0.01778888702392578
2469547287423235590,3,0.2059791088104248,0.010217428207397461,0.013960599899291992
6311605439892131313,3,0.20563411712646484,0.010145902633666992,0.013735055923461914
8453477670202911524,2,0.14183878898620605,0.00825810432434082,0.008860349655151367
5113252872248251256,3,0.20507311820983887,0.010143756866455078,0.013559341430664062
1331267125291999132,16,1.0434291362762451,0.036681413650512695,0.07583212852478027
4166498347147942054,2,0.14009714126586914,0.008133172988891602,0.008882284164428711
4077332901955567066,9,0.5940260887145996,0.02224874496459961,0.044039011001586914
5622168659317686363,12,0.783390998840332,0.028659343719482422,0.05620169639587402
704246713542351033,18,1.1650090217590332,0.040779829025268555,0.08437657356262207
8245442015257051066,2,0.14226603507995605,0.008189916610717773,0.00873708724975586
8325747974281386566,2,0.13980531692504883,0.008097648620605469,0.009148120880126953
7948724095801207831,2,0.1412642002105713,0.008179903030395508,0.00898885726928711
9065897942931441063,18,1.1635007858276367,0.0405421257019043,0.08545064926147461
7906432560632401550,8,0.5336239337921143,0.02069997787475586,0.03968644142150879
5500950312326331571,2,0.14210796356201172,0.008468151092529297,0.00933837890625
5348971007641204881,2,0.14111685752868652,0.008148193359375,0.008671760559082031
5966417701705769567,2,0.14121198654174805,0.00830841064453125,0.008862733840942383
57281340434502642,6,0.39774489402770996,0.016248703002929688,0.028700590133666992
3478049770189419002,18,1.1647663116455078,0.040810585021972656,0.08416938781738281
6279115355518470826,3,0.20682907104492188,0.010232925415039062,0.013576269149780273
1972192576921660886,17,1.106071949005127,0.038719892501831055,0.08056306838989258
4557850496656302231,2,0.14332890510559082,0.008440017700195312,0.009206056594848633
9086267880214537045,2,0.1415538787841797,0.008435487747192383,0.008797407150268555
4867523716213848298,10,0.6531341075897217,0.024569034576416016,0.0470890998840332
2441966130362171102,9,0.590630292892456,0.022355079650878906,0.04236268997192383
2822048285546795709,12,0.7804951667785645,0.028616905212402344,0.055921316146850586
2452912697524209069,2,0.1398179531097412,0.007980108261108398,0.008992195129394531
4050557882473866770,12,0.7837448120117188,0.02854776382446289,0.056775569915771484
919058365999324976,3,0.2044820785522461,0.010049819946289062,0.01340794563293457
8575712603693939425,3,0.21120405197143555,0.010325431823730469,0.014080047607421875
7595566862759399087,4,0.26971888542175293,0.012267827987670898,0.018993616104125977
1920572328957630134,13,0.8482801914215088,0.030810832977294922,0.06250286102294922
1183160822821474118,6,0.39951586723327637,0.016426801681518555,0.028339862823486328
4786225765819478333,22,1.4268419742584229,0.048682212829589844,0.10523557662963867
996696518121617782,4,0.26949000358581543,0.01253199577331543,0.018585205078125
4431850859936196507,15,0.9753508567810059,0.03505539894104004,0.07005953788757324
2305723928059973946,2,0.14124703407287598,0.008257389068603516,0.008856058120727539
1848453421732894579,8,0.5305271148681641,0.02074909210205078,0.03865551948547363
1023921196557382440,4,0.27258968353271484,0.012589216232299805,0.018444299697875977
2695286172578764841,31,1.9997448921203613,0.06737637519836426,0.14771628379821777
3957667327732848049,3,0.20425796508789062,0.010376930236816406,0.013863801956176758
2552335146127113115,29,1.8758559226989746,0.06346559524536133,0.14158058166503906
2477911968360457110,3,0.20718812942504883,0.010321855545043945,0.014004945755004883
8285057882736328097,2,0.1438901424407959,0.008394002914428711,0.00917506217956543
7019755546949182162,19,1.2358272075653076,0.043174028396606445,0.09164071083068848
2627219947808502017,11,0.7203638553619385,0.02681899070739746,0.05232977867126465
7976026969508293471,4,0.2715799808502197,0.012386322021484375,0.01905679702758789
6889005746473207914,3,0.2065567970275879,0.010507822036743164,0.013854026794433594
2540576528822126189,14,0.9103138446807861,0.032382965087890625,0.06693410873413086
8366655752918015593,2,0.14250612258911133,0.008708953857421875,0.008998394012451172
5741505110830815232,3,0.2075200080871582,0.010383129119873047,0.014296770095825195
8919438134378833496,3,0.20565199851989746,0.010188102722167969,0.013324499130249023
833403122394356757,11,0.718919038772583,0.026454687118530273,0.0523529052734375
6987577458462616482,3,0.20633602142333984,0.01021718978881836,0.01368093490600586
7132662971106825383,8,0.5286600589752197,0.0203855037689209,0.03802037239074707
1042817014020945571,10,0.6593751907348633,0.024622201919555664,0.04824662208557129
504277285158834119,2,0.14264893531799316,0.00785207748413086,0.008847951889038086
7842138269915960279,12,0.7935450077056885,0.028742313385009766,0.06054425239562988
2573018920707627491,2,0.1436328887939453,0.008319854736328125,0.008999109268188477
8825695400262941167,2,0.1467149257659912,0.008439302444458008,0.009875297546386719
4539465981962795347,2,0.1431291103363037,0.007949113845825195,0.008997201919555664
8594158677252587306,2,0.14254975318908691,0.008186817169189453,0.009034872055053711
6198234770613638205,18,1.2013890743255615,0.04218792915344238,0.0908811092376709
8682091776365181622,2,0.14456987380981445,0.008448123931884766,0.009544134140014648
2432208898654507108,2,0.14535927772521973,0.008925914764404297,0.009811878204345703
8266152474065789973,30,1.9848103523254395,0.06767082214355469,0.15094614028930664
8902738089778191166,3,0.20494723320007324,0.01034998893737793,0.01378631591796875
5644748971041518050,7,0.4625990390777588,0.018114089965820312,0.032863616943359375
1194823813332278980,13,0.8516159057617188,0.030358552932739258,0.06244659423828125
6328818295888266654,5,0.3333470821380615,0.014149665832519531,0.022925376892089844
1164150324238146251,2,0.13952326774597168,0.007912874221801758,0.008564472198486328
1334845170814881725,4,0.268557071685791,0.011904478073120117,0.018286466598510742
1006624108327823318,3,0.2040998935699463,0.00988626480102539,0.013174057006835938
4157637164947832656,2,0.13971710205078125,0.007955074310302734,0.008647918701171875
4028750436678855787,3,0.204833984375,0.009975910186767578,0.013532638549804688
6691088382554170286,3,0.20374393463134766,0.009977340698242188,0.013146400451660156
5900226562158879746,2,0.1394040584564209,0.00783991813659668,0.008877992630004883
4090596957871068314,16,1.0423150062561035,0.037035465240478516,0.07598280906677246
3126554479785544748,2,0.14123296737670898,0.00793004035949707,0.00875091552734375
1739148595408451808,8,0.5284230709075928,0.02042698860168457,0.03802919387817383
8225681529941412051,14,0.9090948104858398,0.032028913497924805,0.06722545623779297
424468723696137989,4,0.27014899253845215,0.011960506439208984,0.018502473831176758
1248779998053796951,10,0.6654300689697266,0.02488231658935547,0.049072980880737305
3409961953123793554,2,0.14035296440124512,0.00797414779663086,0.00869894027709961
5665418306633641128,11,0.7162940502166748,0.026353836059570312,0.050260305404663086
5161073548494472296,15,0.996567964553833,0.03494381904602051,0.07494902610778809
1911598961259285120,13,0.8973209857940674,0.033052921295166016,0.06894922256469727
8101675006264893895,2,0.14419126510620117,0.008069276809692383,0.009381771087646484
8491737093355602860,8,0.5317890644073486,0.020465850830078125,0.03968238830566406
8147347709083825618,4,0.2699129581451416,0.01214742660522461,0.0188601016998291
7081199694171886569,9,0.597769021987915,0.022195816040039062,0.041826486587524414
4109446825019759283,12,0.7875971794128418,0.028635263442993164,0.05874204635620117
121383837810611329,17,1.110379934310913,0.03912162780761719,0.08075428009033203
5509990878935395718,12,0.7994036674499512,0.02973484992980957,0.060205698013305664
6108544231624599659,3,0.20664000511169434,0.010455846786499023,0.013586997985839844
4236650377598395259,2,0.14072418212890625,0.008160114288330078,0.00881195068359375
7923889036430794242,8,0.5258359909057617,0.02013850212097168,0.038106679916381836
5926537651794803232,22,1.4306471347808838,0.049425363540649414,0.10418319702148438
3390279728526473746,2,0.14112114906311035,0.008234024047851562,0.008596658706665039
5808632983984108650,2,0.14174413681030273,0.008703947067260742,0.008878231048583984
3783425238472614435,2,0.14207792282104492,0.008177042007446289,0.00879812240600586
8940434685395182158,16,1.0474848747253418,0.03708028793334961,0.07756829261779785
9026428736361452032,2,0.14394116401672363,0.008405923843383789,0.009465217590332031
2528914737404747723,11,0.7184090614318848,0.02625894546508789,0.05295109748840332
8465568922597999304,9,0.5888369083404541,0.022344589233398438,0.043270111083984375
5622319859176025375,11,0.7189328670501709,0.026468992233276367,0.051614999771118164
8171601328082381369,28,1.823502779006958,0.06213235855102539,0.13432860374450684
1366647099234878665,2,0.14358210563659668,0.008188962936401367,0.009609222412109375
2776959353660347947,2,0.14274215698242188,0.008064985275268555,0.008980035781860352
9029774050980933495,11,0.7361032962799072,0.027110576629638672,0.056502580642700195
8480944397199258043,12,0.7899811267852783,0.028375625610351562,0.05881690979003906
7622481306662253798,18,1.2069330215454102,0.04199814796447754,0.09354662895202637
6671938794270582650,2,0.14734506607055664,0.008407115936279297,0.009459972381591797
8142060278560785972,2,0.1460268497467041,0.008222103118896484,0.00938725471496582
3509829449874538456,3,0.20810985565185547,0.009993791580200195,0.014372825622558594
2923975278350369475,2,0.14438915252685547,0.008224964141845703,0.009476900100708008
1003780538484866591,35,2.274235248565674,0.07595157623291016,0.16999197006225586
4268842402465726310,3,0.20481491088867188,0.010005474090576172,0.013205766677856445
1278418039363159234,17,1.1068179607391357,0.038530826568603516,0.0817866325378418
2455536433600802294,2,0.14473295211791992,0.00815272331237793,0.009559869766235352
6951827457413891032,2,0.14606118202209473,0.008678436279296875,0.00923299789428711
2438154710734507533,6,0.4015679359436035,0.016414642333984375,0.028961896896362305
2231005077656346256,2,0.14371490478515625,0.008257865905761719,0.009740829467773438
1446972900541123521,2,0.14554119110107422,0.008612394332885742,0.00948476791381836
6931007650539645303,14,0.9472289085388184,0.034247636795043945,0.07058572769165039
1608949233533347442,2,0.1471729278564453,0.007991552352905273,0.009345769882202148
1639151078107497912,1,0.08239006996154785,0.006528139114379883,0.004400014877319336
4011966616720757479,2,0.14482879638671875,0.00868535041809082,0.009837865829467773
1049160057330329468,22,1.4623408317565918,0.051236867904663086,0.11141657829284668
5494244557221909295,2,0.1434769630432129,0.008153676986694336,0.009210586547851562
7943493392329826248,4,0.2855091094970703,0.01245880126953125,0.021668672561645508
7959895351659202323,4,0.27123093605041504,0.012117385864257812,0.018944740295410156
9033480116479228725,4,0.2837679386138916,0.012737512588500977,0.019814014434814453
5743581370153128651,3,0.2098398208618164,0.010284185409545898,0.013592004776000977
9164928272898755601,15,0.9808371067047119,0.03448843955993652,0.0707709789276123
2872679247206705498,3,0.20595407485961914,0.010178089141845703,0.01356196403503418
9184850391829633305,10,0.6761081218719482,0.02555990219116211,0.05094408988952637
5174146954065600087,10,0.6651582717895508,0.02518153190612793,0.048703908920288086
2245730162187322824,33,2.1580140590667725,0.0726320743560791,0.15859341621398926
5921574928085998080,3,0.20383691787719727,0.009820222854614258,0.01345515251159668
2234881446071299594,24,1.5687999725341797,0.05323958396911621,0.11710643768310547
2274270341282358762,4,0.272597074508667,0.012516260147094727,0.01818370819091797
1101018095029852227,2,0.1442241668701172,0.008318185806274414,0.009880304336547852
5124109533597194616,2,0.14313483238220215,0.008433818817138672,0.009500265121459961
2192941749477460615,3,0.20642375946044922,0.010310888290405273,0.01437234878540039
9046317105504163141,9,0.607374906539917,0.022961854934692383,0.04468941688537598
8139444024982859163,12,0.8118071556091309,0.029314279556274414,0.06118941307067871
3835011671072723188,9,0.60605788230896,0.02328944206237793,0.04573416709899902
874844451391157805,2,0.1455690860748291,0.008816242218017578,0.009750604629516602
167599642113427432,12,0.812237024307251,0.029500722885131836,0.06231331825256348
6222440593601768983,8,0.5370850563049316,0.020737171173095703,0.03950762748718262
4315413473335847101,10,0.6772587299346924,0.025385141372680664,0.05029153823852539
276915970310943252,3,0.21042919158935547,0.010744094848632812,0.014480829238891602
7288066947762492951,2,0.1443934440612793,0.008120059967041016,0.009763956069946289
2511345373140094207,23,1.543884038925171,0.05330610275268555,0.12076473236083984
8646286932282247839,2,0.1451401710510254,0.008146047592163086,0.009621858596801758
2107082287695241283,28,1.8874707221984863,0.06491994857788086,0.14156293869018555
7159041934811870971,11,0.7272820472717285,0.02682662010192871,0.05338931083679199
8786356883433396480,4,0.27025413513183594,0.01239323616027832,0.018107891082763672
6085315562999647786,14,0.9283583164215088,0.03318667411804199,0.06961894035339355
4914731097579640630,19,1.2669918537139893,0.04493570327758789,0.09838676452636719
1321789346048688426,2,0.14078903198242188,0.008242130279541016,0.008655071258544922
6374480422956606539,2,0.14055895805358887,0.008160591125488281,0.008817911148071289
4992562294171693974,3,0.20515823364257812,0.010190010070800781,0.013781070709228516
4990227187204337247,4,0.2728848457336426,0.012156963348388672,0.019170045852661133
933731043870458192,3,0.21111297607421875,0.01050710678100586,0.014868021011352539
432341252589890409,2,0.14918017387390137,0.008168220520019531,0.009681224822998047
2182076230802424573,2,0.1418149471282959,0.008258342742919922,0.009006023406982422
5338267308445868411,22,1.4636139869689941,0.05041170120239258,0.11032700538635254
504143871110873869,3,0.207838773727417,0.010354757308959961,0.013632774353027344
614142486143826112,3,0.21183276176452637,0.010656118392944336,0.014621257781982422
141145274602342999,3,0.20752930641174316,0.010357141494750977,0.013971805572509766
689287217356051219,21,1.376802921295166,0.04705309867858887,0.10135293006896973
6526920485360971749,2,0.14136385917663574,0.008223295211791992,0.00884103775024414
4630610941818172220,4,0.2733633518218994,0.01235818862915039,0.019059419631958008
4903147094002151300,2,0.14217782020568848,0.008229970932006836,0.009282827377319336
5478849039786229070,4,0.27228498458862305,0.012477874755859375,0.019103288650512695
1127346277188335801,10,0.6602492332458496,0.02466559410095215,0.048819780349731445
3274141759092741555,4,0.27280592918395996,0.01240682601928711,0.01957535743713379
2982362691641224141,2,0.1429119110107422,0.00818490982055664,0.00886988639831543
3070551341866557181,10,0.6623008251190186,0.024437427520751953,0.04699826240539551
92955340677030571,10,0.6606838703155518,0.02492547035217285,0.04784107208251953
3324380224740562872,4,0.27430200576782227,0.012406110763549805,0.019347429275512695
1149026464482631367,4,0.2734959125518799,0.012113332748413086,0.019534826278686523
1370680933020836410,9,0.5976181030273438,0.023068904876708984,0.04272937774658203
4376569711215318415,2,0.1415541172027588,0.008234977722167969,0.008678674697875977
2112777295758414229,6,0.40523695945739746,0.016242027282714844,0.02908015251159668
828367739044812485,11,0.7211592197418213,0.026381492614746094,0.05190563201904297
6124333556674227387,21,1.3785851001739502,0.04810810089111328,0.10153055191040039
3134811829593561440,11,0.7353119850158691,0.027535676956176758,0.055713653564453125
8067076768508061525,3,0.2084946632385254,0.010384082794189453,0.014275789260864258
2449723254791869295,2,0.14048314094543457,0.0081329345703125,0.008520841598510742
4494576619276326157,2,0.14246797561645508,0.008191108703613281,0.00899052619934082
3962246495921717641,15,0.9827120304107666,0.03477048873901367,0.0727992057800293
3370559914067047254,2,0.1445159912109375,0.00824117660522461,0.008777618408203125
5043150631218023788,2,0.14219880104064941,0.00837087631225586,0.009279966354370117
4268641929297462372,2,0.14148712158203125,0.008437395095825195,0.008882761001586914
6612962042538090474,11,0.7238912582397461,0.027095317840576172,0.052690982818603516
7039831293814649674,2,0.1435849666595459,0.008305072784423828,0.0094451904296875
1622256906084824068,4,0.2768690586090088,0.012382984161376953,0.020259857177734375
5996504215563762930,2,0.14368295669555664,0.008320808410644531,0.009031057357788086
3089716634308277633,9,0.5937538146972656,0.022223949432373047,0.04343152046203613
748076148176237233,3,0.2110583782196045,0.010649919509887695,0.014710187911987305
8268207351694181589,4,0.2722041606903076,0.01256561279296875,0.018666505813598633
4384721190677358909,2,0.14428496360778809,0.008362054824829102,0.009370803833007812
747481526256723017,3,0.20815014839172363,0.010422945022583008,0.013776302337646484
1845245404063833678,2,0.14057374000549316,0.008055686950683594,0.008977890014648438
8782663135542755644,3,0.20711898803710938,0.010176658630371094,0.014167070388793945
5279696875899801477,11,0.7202999591827393,0.026628971099853516,0.052352190017700195
5167234890384739289,2,0.14064288139343262,0.00799107551574707,0.008530139923095703
1584169455376722170,13,0.8546168804168701,0.030653953552246094,0.061725616455078125
7823839565769645323,3,0.20711302757263184,0.010109663009643555,0.013911962509155273
6118195272733248632,14,0.9155428409576416,0.033051490783691406,0.06725502014160156
8461642987838242490,15,0.9857971668243408,0.03511977195739746,0.07351088523864746
4360629645509046617,3,0.20563888549804688,0.01009368896484375,0.014031171798706055
1268156957749175224,12,0.78932785987854,0.028689146041870117,0.058391571044921875
291070817235425713,3,0.20923781394958496,0.010356664657592773,0.014304161071777344
3602475520244379154,4,0.2710530757904053,0.012257575988769531,0.018886327743530273
6467361966230680701,2,0.14141607284545898,0.008633852005004883,0.008828163146972656
7300753359780503819,12,0.7964658737182617,0.029225826263427734,0.06167030334472656
3577090745997196441,2,0.14667224884033203,0.008887529373168945,0.009051084518432617
